_id,Sede,aulaId,aulaDes,capienza,poloDes,date,scheduleType,schedules
5f5b4fdd400b9fbfbe0b8e94,1,1.0,69,10,15,2020-10-02 19:17:16.414000+00:00,[],[]
5f5b4fdd400b9fbfbe0b8e95,1,2.0,25,24,15,2020-12-15 15:38:27.918000+00:00,[],[]
5f5b4fdd400b9fbfbe0b8e96,1,3.0,12,12,2,2020-10-29 10:10:23.875000+00:00,[],[]
5f5b4fdd400b9fbfbe0b8e97,1,4.0,16,10,2,2020-12-15 10:17:12.238000+00:00,[],[]
5f5b4fdd400b9fbfbe0b8e98,1,7.0,35,76,18,2020-12-16 10:04:16.903000+00:00,[],[]
5f5b4fdd400b9fbfbe0b8e99,1,1.0,1,75,1,2020-12-16 10:14:09.471000+00:00,[],[]
5f5b4fdd400b9fbfbe0b8e9a,1,2.0,19,12,1,2020-11-03 15:28:19.820000+00:00,[],[]
5f5b4fdd400b9fbfbe0b8e9b,1,3.0,14,12,1,2020-11-03 13:08:56.411000+00:00,[],[]
5f5b4fdd400b9fbfbe0b8e9c,1,4.0,21,12,1,2020-12-16 08:12:28.255000+00:00,[],[]
5f5b4fdd400b9fbfbe0b8e9d,1,5.0,59,12,1,2020-12-03 14:54:54.163000+00:00,[],[]
5f5b4fdd400b9fbfbe0b8e9e,1,6.0,46,12,1,2020-12-16 10:03:34.375000+00:00,[],"[{'_id': '5fd7d220ff3b76b96dd79230', 'day': '15', 'month': '12', 'year': '2020', 'roomSchedule': '5fd7d220ff3b76b96dd79224'}, {'_id': '5fd79883ff3b76b96dd791c1', 'day': '14', 'month': '12', 'year': '2020', 'roomSchedule': '5fd79883ff3b76b96dd791b5'}, {'_id': '5fcdefed8cf562071a9c17a4', 'day': '7', 'month': '12', 'year': '2020', 'roomSchedule': '5fcdefed8cf562071a9c1798'}, {'_id': '5fc9fdeeeb6dbced74b95095', 'day': '4', 'month': '12', 'year': '2020', 'roomSchedule': '5fc9fdeeeb6dbced74b95089'}, {'_id': '5fc9f936eb6dbced74b9506d', 'day': '11', 'month': '12', 'year': '2020', 'roomSchedule': '5fc9f936eb6dbced74b95061'}, {'_id': '5fbccb479de5cadc7a7690bc', 'day': '25', 'month': '11', 'year': '2020', 'roomSchedule': '5fbccb479de5cadc7a7690b0'}, {'_id': '5fb2f3b633a4610e6576a22d', 'day': '17', 'month': '11', 'year': '2020', 'roomSchedule': '5fb2f3b633a4610e6576a221'}, {'_id': '5fb25d6433a4610e6576a0ac', 'day': '18', 'month': '11', 'year': '2020', 'roomSchedule': '5fb25d6433a4610e6576a0a0'}, {'_id': '5fab20a71bd2a03f4641a8c2', 'day': '11', 'month': '11', 'year': '2020', 'roomSchedule': '5fab20a71bd2a03f4641a8b6'}, {'_id': '5faa91731bd2a03f4641a726', 'day': '10', 'month': '11', 'year': '2020', 'roomSchedule': '5faa91731bd2a03f4641a71a'}, {'_id': '5fa5724b052eb9e24c1bc3df', 'day': '9', 'month': '11', 'year': '2020', 'roomSchedule': '5fa5724b052eb9e24c1bc3d3'}]"
5f5b4fdd400b9fbfbe0b8e9f,1,1.0,14,31,12,2020-11-03 13:26:27.355000+00:00,[],[]
5f5b4fdd400b9fbfbe0b8ea0,1,2.0,70,31,12,2020-11-03 17:19:12.587000+00:00,[],[]
5f5b4fdd400b9fbfbe0b8ea1,1,3.0,18,74,12,2020-12-16 10:04:40.636000+00:00,[],[]
5f5b4fdd400b9fbfbe0b8ea2,1,1.0,72,32,11,2020-11-03 11:54:49.744000+00:00,[],[]
5f5b4fdd400b9fbfbe0b8ea3,1,3.0,73,25,11,2020-10-29 10:14:16.971000+00:00,[],[]
5f5b4fdd400b9fbfbe0b8ea4,1,4.0,74,25,11,2020-10-28 15:10:13.704000+00:00,[],[]
5f5b4fdd400b9fbfbe0b8ea5,1,5.0,60,43,11,2020-11-25 17:10:40.926000+00:00,[],[]
5f5b4fdd400b9fbfbe0b8ea6,1,6.0,17,26,11,2020-12-16 10:08:55.169000+00:00,[],[]
5f5b4fdd400b9fbfbe0b8ea7,1,7.0,75,32,11,2020-11-03 15:04:37.450000+00:00,[],[]
5f5b4fdd400b9fbfbe0b8ea8,1,1.0,76,41,2,2020-11-03 18:00:33.479000+00:00,[],[]
5f5b4fdd400b9fbfbe0b8ea9,1,2.0,2,25,2,2020-12-16 09:59:18.692000+00:00,[],[]
5f5b4fdd400b9fbfbe0b8eaa,4,3.0,1,40,9,2020-11-03 17:19:26.320000+00:00,[],[]
5f5b4fdd400b9fbfbe0b8eab,4,4.0,19,40,9,2020-11-03 16:40:27.508000+00:00,[],[]
5f5b4fdd400b9fbfbe0b8eac,4,5.0,14,19,9,2020-10-09 09:56:47.056000+00:00,[],[]
5f5b4fdd400b9fbfbe0b8ead,2,1.0,77,100,20,2020-09-17 12:26:00.080000+00:00,[],[]
5f5b4fdd400b9fbfbe0b8eae,2,5.0,78,20,20,2020-09-12 16:12:17.823000+00:00,[],[]
5f5b4fdd400b9fbfbe0b8eaf,1,1.0,1,120,5,2020-12-16 10:11:08.497000+00:00,[],[]
5f5b4fdd400b9fbfbe0b8eb0,1,2.0,19,42,5,2020-12-16 10:20:54.613000+00:00,[],[]
5f5b4fdd400b9fbfbe0b8eb1,1,3.0,14,21,5,2020-12-14 17:45:53.062000+00:00,[],[]
5f5b4fdd400b9fbfbe0b8eb2,1,4.0,21,36,5,2020-11-09 14:56:50.988000+00:00,[],[]
5f5b4fdd400b9fbfbe0b8eb3,1,5.0,34,21,5,2020-12-02 11:21:31.607000+00:00,[],"[{'_id': '5f9592519d86130930066f6f', 'day': '26', 'month': '10', 'year': '2020', 'roomSchedule': '5f9592519d86130930066f63'}, {'_id': '5f84913ac61207145073b63f', 'day': '13', 'month': '10', 'year': '2020', 'roomSchedule': '5f84913ac61207145073b633'}, {'_id': '5f807019e5bc9fca682dbbcf', 'day': '12', 'month': '10', 'year': '2020', 'roomSchedule': '5f807019e5bc9fca682dbbc3'}, {'_id': '5f7c0e2030a8b4585e2dbbbc', 'day': '7', 'month': '10', 'year': '2020', 'roomSchedule': '5f7c0e2030a8b4585e2dbbb0'}, {'_id': '5f7ad03f01bb6c3d71184bae', 'day': '6', 'month': '10', 'year': '2020', 'roomSchedule': '5f7ad03f01bb6c3d71184ba2'}, {'_id': '5f784dd0b8a1c2191cb5ad4f', 'day': '5', 'month': '10', 'year': '2020', 'roomSchedule': '5f784dd0b8a1c2191cb5ad43'}, {'_id': '5f747c15578b2291afc138ee', 'day': '30', 'month': '9', 'year': '2020', 'roomSchedule': '5f747c15578b2291afc138e2'}, {'_id': '5f628235536748c853469a19', 'day': '21', 'month': '9', 'year': '2020', 'roomSchedule': '5f628235536748c853469a0d'}, {'_id': '5f627a63536748c853469a0a', 'day': '18', 'month': '9', 'year': '2020', 'roomSchedule': '5f627a63536748c8534699fe'}]"
5f5b4fdd400b9fbfbe0b8eb4,1,6.0,10,21,5,2020-12-16 08:18:48.767000+00:00,[],"[{'_id': '5f80b52be5bc9fca682dbc94', 'day': '12', 'month': '10', 'year': '2020', 'roomSchedule': '5f80b52be5bc9fca682dbc88'}, {'_id': '5f7b1aa230a8b4585e2db0ec', 'day': '6', 'month': '10', 'year': '2020', 'roomSchedule': '5f7b1aa230a8b4585e2db0e0'}, {'_id': '5f71ba16f8c390323b4b127e', 'day': '28', 'month': '9', 'year': '2020', 'roomSchedule': '5f71ba16f8c390323b4b1272'}, {'_id': '5f71ba02f8c390323b4b126f', 'day': '29', 'month': '9', 'year': '2020', 'roomSchedule': '5f71ba02f8c390323b4b1263'}, {'_id': '5f6b0ed3644894cf8ea6d084', 'day': '23', 'month': '9', 'year': '2020', 'roomSchedule': '5f6b0ed3644894cf8ea6d078'}]"
5f5b4fdd400b9fbfbe0b8eb5,1,7.0,16,23,5,2020-11-25 17:22:42.267000+00:00,[],[]
5f5b4fdd400b9fbfbe0b8eb6,1,9.0,79,32,5,2020-11-03 12:03:21.183000+00:00,[],[]
5f5b4fdd400b9fbfbe0b8eb7,1,1.0,43,77,7,2020-12-16 10:25:42.895000+00:00,[],[]
5f5b4fdd400b9fbfbe0b8eb8,1,2.0,40,50,7,2020-12-02 13:05:12.107000+00:00,[],[]
5f5b4fdd400b9fbfbe0b8eb9,1,3.0,7,50,7,2020-12-16 09:56:04.115000+00:00,[],[]
5f5b4fdd400b9fbfbe0b8eba,1,4.0,80,33,7,2020-11-03 16:37:42.069000+00:00,[],[]
5f5b4fdd400b9fbfbe0b8ebb,1,5.0,29,44,7,2020-12-15 15:20:06.048000+00:00,[],[]
5f5b4fdd400b9fbfbe0b8ebc,4,1.0,13,60,9,2020-12-16 10:16:12.268000+00:00,[],[]
5f5b4fdd400b9fbfbe0b8ebd,1,6.0,51,20,7,2020-12-15 13:11:56.638000+00:00,[],"[{'_id': '5fd90793ff3b76b96dd7965b', 'day': '16', 'month': '12', 'year': '2020', 'roomSchedule': '5fd90793ff3b76b96dd7964f'}, {'_id': '5fd72063ff3b76b96dd78eea', 'day': '15', 'month': '12', 'year': '2020', 'roomSchedule': '5fd72063ff3b76b96dd78ede'}, {'_id': '5fc80fca21015899996e933e', 'day': '3', 'month': '12', 'year': '2020', 'roomSchedule': '5fc80fca21015899996e9332'}, {'_id': '5fb4471847f18b6282e260b3', 'day': '18', 'month': '11', 'year': '2020', 'roomSchedule': '5fb4471847f18b6282e260a7'}, {'_id': '5fa9af961bd2a03f4641a496', 'day': '10', 'month': '11', 'year': '2020', 'roomSchedule': '5fa9af961bd2a03f4641a48a'}]"
5f5b4fdd400b9fbfbe0b8ebe,1,1.0,15,26,10,2020-12-16 08:08:18.210000+00:00,[],[]
5f5b4fdd400b9fbfbe0b8ebf,4,7.0,46,10,9,2020-10-30 09:49:07.190000+00:00,[],[]
5f5b4fdd400b9fbfbe0b8ec0,2,4.0,53,24,17,2020-11-19 15:07:22.935000+00:00,[],[]
5f5b4fdd400b9fbfbe0b8ec1,3,2.0,19,20,16,2020-11-03 13:36:02.527000+00:00,[],[]
5f5b4fdd400b9fbfbe0b8ec2,3,5.0,50,87,8,2020-11-25 15:15:58.454000+00:00,[],[]
5f5b4fdd400b9fbfbe0b8ec3,3,3.0,81,10,22,2020-09-12 16:12:17.825000+00:00,[],"[{'_id': '5fa87aad1bd2a03f4641a13c', 'day': '9', 'month': '11', 'year': '2020', 'roomSchedule': '5fa87aad1bd2a03f4641a130'}]"
5f5b4fdd400b9fbfbe0b8ec4,3,6.0,82,0,22,2020-09-12 16:12:17.825000+00:00,[],[]
5f5b4fdd400b9fbfbe0b8ec5,3,3.0,14,32,16,2020-12-02 10:27:12.477000+00:00,[],[]
5f5b4fdd400b9fbfbe0b8ec6,3,3.0,16,32,8,2020-12-16 09:25:21.239000+00:00,[],[]
5f5b4fdd400b9fbfbe0b8ec7,3,2.0,83,10,22,2020-09-12 16:12:17.825000+00:00,[],[]
5f5b4fdd400b9fbfbe0b8ec8,3,5.0,84,5,22,2020-09-12 16:12:17.825000+00:00,[],[]
5f5b4fdd400b9fbfbe0b8ec9,3,5.0,85,12,16,2020-09-17 12:26:00.096000+00:00,[],[]
5f5b4fdd400b9fbfbe0b8eca,3,4.0,41,10,8,2020-11-24 07:53:49.044000+00:00,[],[]
5f5b4fdd400b9fbfbe0b8ecb,3,1.0,13,22,22,2020-11-03 18:02:56.271000+00:00,[],[]
5f5b4fdd400b9fbfbe0b8ecc,3,4.0,86,10,22,2020-09-12 16:12:17.826000+00:00,[],[]
5f5b4fdd400b9fbfbe0b8ecd,2,2.0,42,56,17,2020-12-10 14:15:15.583000+00:00,[],[]
5f5b4fdd400b9fbfbe0b8ece,3,4.0,21,23,16,2020-12-15 07:57:57.523000+00:00,[],[]
5f5b4fdd400b9fbfbe0b8ecf,3,1.0,76,21,8,2020-10-14 09:17:50.618000+00:00,[],[]
5f5b4fdd400b9fbfbe0b8ed0,3,7.0,87,0,22,2020-09-17 12:26:00.098000+00:00,[],[]
5f5b4fdd400b9fbfbe0b8ed1,2,3.0,27,14,14,2020-12-11 09:24:22.533000+00:00,[],[]
5f5b4fdd400b9fbfbe0b8ed2,2,1.0,38,46,14,2020-12-16 09:03:13.379000+00:00,[],[]
5f5b4fdd400b9fbfbe0b8ed3,2,1.0,37,38,17,2020-12-15 17:54:01.225000+00:00,[],[]
5f5b4fdd400b9fbfbe0b8ed4,2,3.0,33,40,17,2020-12-15 15:09:27.401000+00:00,[],[]
5f5b4fdd400b9fbfbe0b8ed5,3,2.0,12,32,8,2020-12-03 17:23:07.483000+00:00,[],[]
5f5b4fdd400b9fbfbe0b8ed6,1,1.0,11,247,6,2020-12-15 11:14:07.997000+00:00,[],[]
5f5b4fdd400b9fbfbe0b8ed7,1,1.0,44,30,19,2020-11-16 09:42:09.338000+00:00,[],[]
5f5b4fdd400b9fbfbe0b8ed8,2,6.0,24,48,14,2020-12-16 09:02:38.513000+00:00,[],[]
5f5b4fdd400b9fbfbe0b8ed9,1,10.0,2,60,5,2020-12-16 10:13:49.336000+00:00,[],[]
5f5b4fdd400b9fbfbe0b8eda,1,1.0,5,22,3,2020-12-15 08:13:17.804000+00:00,[],[]
5f5b4fdd400b9fbfbe0b8edb,1,2.0,6,45,3,2020-12-15 14:09:18.281000+00:00,[],[]
5f5b4fdd400b9fbfbe0b8edc,1,3.0,23,45,3,2020-12-01 09:58:13.301000+00:00,[],[]
5f5b4fdd400b9fbfbe0b8edd,1,4.0,3,25,3,2020-12-16 10:13:16.221000+00:00,[],[]
5f5b4fdd400b9fbfbe0b8ede,3,3.0,88,8,23,2020-09-17 12:26:00.101000+00:00,[],[]
5f5b4fdd400b9fbfbe0b8edf,3,4.0,89,20,23,2020-09-17 12:26:00.102000+00:00,[],[]
5f5b4fdd400b9fbfbe0b8ee0,1,2.0,5,26,6,2020-11-09 14:53:11.204000+00:00,[],[]
5f5b4fdd400b9fbfbe0b8ee1,1,3.0,6,26,6,2020-11-09 10:06:23.508000+00:00,[],[]
5f5b4fdd400b9fbfbe0b8ee2,1,4.0,23,30,6,2020-09-17 12:26:00.102000+00:00,[],[]
5f5b4fdd400b9fbfbe0b8ee3,1,5.0,3,30,6,2020-09-17 12:26:00.102000+00:00,[],[]
5f5b4fdd400b9fbfbe0b8ee4,2,8.0,26,13,14,2020-12-14 16:44:54.789000+00:00,[],[]
5f5b4fdd400b9fbfbe0b8ee5,2,9.0,47,16,14,2020-12-14 18:01:59.570000+00:00,[],[]
5f5b4fdd400b9fbfbe0b8ee6,1,1.0,20,102,13,2020-12-15 15:42:42.124000+00:00,[],[]
5f5b4fdd400b9fbfbe0b8ee7,1,2.0,32,40,13,2020-12-16 10:04:54.299000+00:00,[],"[{'_id': '5fd7439eff3b76b96dd79018', 'day': '15', 'month': '12', 'year': '2020', 'roomSchedule': '5fd7439eff3b76b96dd7900c'}, {'_id': '5fbe102f9de5cadc7a76942d', 'day': '26', 'month': '11', 'year': '2020', 'roomSchedule': '5fbe102f9de5cadc7a769421'}, {'_id': '5fb8088047f18b6282e26905', 'day': '23', 'month': '11', 'year': '2020', 'roomSchedule': '5fb8088047f18b6282e268f9'}, {'_id': '5fb4470a47f18b6282e260a4', 'day': '18', 'month': '11', 'year': '2020', 'roomSchedule': '5fb4470a47f18b6282e26098'}, {'_id': '5fad311964f3b8af34547c9d', 'day': '17', 'month': '11', 'year': '2020', 'roomSchedule': '5fad311964f3b8af34547c91'}, {'_id': '5facef9c64f3b8af34547b7f', 'day': '13', 'month': '11', 'year': '2020', 'roomSchedule': '5facef9c64f3b8af34547b73'}, {'_id': '5fab1be31bd2a03f4641a8ad', 'day': '11', 'month': '11', 'year': '2020', 'roomSchedule': '5fab1be31bd2a03f4641a8a1'}, {'_id': '5fa9bb261bd2a03f4641a4cc', 'day': '10', 'month': '11', 'year': '2020', 'roomSchedule': '5fa9bb261bd2a03f4641a4c0'}]"
5f5b4fdd400b9fbfbe0b8ee8,3,1.0,90,25,23,2020-09-17 12:39:22.856000+00:00,[],[]
5f5b4fdd400b9fbfbe0b8eea,4,8.0,91,22,9,2020-10-26 16:05:22.517000+00:00,[],[]
5f5b4fdd400b9fbfbe0b8eeb,4,9.0,45,60,9,2020-12-15 08:47:26.787000+00:00,[],[]
5f5b4fdd400b9fbfbe0b8eec,1,3.0,92,6,21,2020-09-17 12:26:00.104000+00:00,[],[]
5f5b4fdd400b9fbfbe0b8eed,4,10.0,93,18,9,2020-09-17 12:26:00.104000+00:00,[],[]
5f5b4fdd400b9fbfbe0b8eee,2,10.0,58,31,4,2020-12-16 09:41:26.771000+00:00,[],"[{'_id': '5fbcef239de5cadc7a769183', 'day': '24', 'month': '11', 'year': '2020', 'roomSchedule': '5fbcef239de5cadc7a769177'}]"
5f5b4fdd400b9fbfbe0b8eef,2,1.0,9,44,4,2020-12-16 10:05:58.430000+00:00,[],[]
5f5b4fdd400b9fbfbe0b8ef0,2,2.0,30,13,4,2020-11-10 11:36:29.319000+00:00,[],"[{'_id': '5fd0a1b68cf562071a9c1ac0', 'day': '9', 'month': '12', 'year': '2020', 'roomSchedule': '5fd0a1b68cf562071a9c1ab4'}]"
5f5b4fdd400b9fbfbe0b8ef1,2,3.0,68,22,4,2020-12-15 17:50:10.645000+00:00,[],[]
5f5b4fdd400b9fbfbe0b8ef2,2,4.0,4,42,4,2020-12-15 17:16:02.588000+00:00,[],[]
5f5b4fdd400b9fbfbe0b8ef3,1,6.0,94,5,3,2020-09-17 12:26:00.106000+00:00,[],[]
5f5b4fdd400b9fbfbe0b8ef4,2,12.0,95,30,20,2020-09-11 20:01:02.414000+00:00,[],[]
5f5b4fdd400b9fbfbe0b8ef5,3,7.0,96,30,23,2020-10-30 11:52:01.536000+00:00,[],[]
5f5b4fdd400b9fbfbe0b8ef6,1,1.0,97,10,24,2020-11-03 11:38:20.393000+00:00,[],[]
5f5b4fdd400b9fbfbe0b8ef7,1,2.0,98,15,24,2020-09-17 12:26:00.107000+00:00,[],[]
5f5b4fdd400b9fbfbe0b8ef8,1,3.0,99,19,24,2020-11-03 11:42:26.369000+00:00,[],[]
5f5b4fdd400b9fbfbe0b8ef9,2,5.0,28,24,4,2020-12-10 14:09:57.949000+00:00,[],[]
5f5b4fdd400b9fbfbe0b8efa,2,6.0,22,12,4,2020-12-16 08:51:01.996000+00:00,[],[]
5f5b4fdd400b9fbfbe0b8efb,2,7.0,100,22,4,2020-10-30 08:46:24.527000+00:00,[],[]
5f5b4fdd400b9fbfbe0b8efc,2,8.0,8,42,4,2020-12-15 18:04:40.627000+00:00,[],[]
5f5b4fdd400b9fbfbe0b8efd,2,9.0,67,42,4,2020-12-01 15:00:13.540000+00:00,[],"[{'_id': '5fc64f83f4d5216c0f6cf7d9', 'day': '1', 'month': '12', 'year': '2020', 'roomSchedule': '5fc64f83f4d5216c0f6cf7cd'}]"
5f5b4fdd400b9fbfbe0b8efe,1,2.0,101,36,21,2020-09-17 12:26:00.112000+00:00,[],[]
5f5b4fdd400b9fbfbe0b8eff,3,9.0,102,5,22,2020-09-12 16:12:17.828000+00:00,[],[]
5f5b4fdd400b9fbfbe0b8f00,1,5.0,61,14,3,2020-11-25 17:19:53.438000+00:00,[],[]
5f5b4fdd400b9fbfbe0b8f01,1,2.0,52,12,10,2020-12-15 17:28:55.995000+00:00,[],[]
5f5b4fdd400b9fbfbe0b8f02,3,5.0,103,15,23,2020-09-17 12:26:00.113000+00:00,[],[]
5f5b4fdd400b9fbfbe0b8f03,1,1.0,66,60,21,2020-12-01 11:19:23.969000+00:00,[],[]
5f5b4fdd400b9fbfbe0b8f04,3,6.0,104,15,23,2020-09-17 12:26:00.122000+00:00,[],[]
5f5b4fdd400b9fbfbe0b8f05,1,7.0,39,20,1,2020-12-14 16:50:03.690000+00:00,[],"[{'_id': '5fbe58ba9de5cadc7a769635', 'day': '2', 'month': '12', 'year': '2020', 'roomSchedule': '5fbe58ba9de5cadc7a769629'}, {'_id': '5fbe57df9de5cadc7a7695fa', 'day': '1', 'month': '12', 'year': '2020', 'roomSchedule': '5fbe57df9de5cadc7a7695ee'}, {'_id': '5fb4fdf447f18b6282e262c9', 'day': '25', 'month': '11', 'year': '2020', 'roomSchedule': '5fb4fdf447f18b6282e262bd'}, {'_id': '5fb4211c47f18b6282e26061', 'day': '24', 'month': '11', 'year': '2020', 'roomSchedule': '5fb4211c47f18b6282e26055'}, {'_id': '5fad2f4264f3b8af34547c84', 'day': '12', 'month': '11', 'year': '2020', 'roomSchedule': '5fad2f4264f3b8af34547c78'}, {'_id': '5facd88164f3b8af34547ae0', 'day': '17', 'month': '11', 'year': '2020', 'roomSchedule': '5facd88164f3b8af34547ad4'}, {'_id': '5fabeb0364f3b8af345479ec', 'day': '18', 'month': '11', 'year': '2020', 'roomSchedule': '5fabeb0364f3b8af345479e0'}]"
5f5b4fdd400b9fbfbe0b8f06,1,11.0,105,12,5,2020-10-19 16:14:32.577000+00:00,[],"[{'_id': '5f96a3279d8613093006749e', 'day': '26', 'month': '10', 'year': '2020', 'roomSchedule': '5f96a3279d86130930067492'}, {'_id': '5f8ee361eed6f0d6353f8ac9', 'day': '21', 'month': '10', 'year': '2020', 'roomSchedule': '5f8ee361eed6f0d6353f8abd'}, {'_id': '5f8d80b2eed6f0d6353f7dea', 'day': '19', 'month': '10', 'year': '2020', 'roomSchedule': '5f8d80b2eed6f0d6353f7dde'}, {'_id': '5f8d3752526f829d642c724a', 'day': '20', 'month': '10', 'year': '2020', 'roomSchedule': '5f8d3752526f829d642c723e'}, {'_id': '5f7b659230a8b4585e2db7c9', 'day': '6', 'month': '10', 'year': '2020', 'roomSchedule': '5f7b659230a8b4585e2db7bd'}, {'_id': '5f7af559a6cbc553dfcd7ca7', 'day': '5', 'month': '10', 'year': '2020', 'roomSchedule': '5f7af559a6cbc553dfcd7c9b'}, {'_id': '5f782d8db8a1c2191cb5ab36', 'day': '7', 'month': '10', 'year': '2020', 'roomSchedule': '5f782d8db8a1c2191cb5ab2a'}, {'_id': '5f732c5df3192e854e2d2721', 'day': '29', 'month': '9', 'year': '2020', 'roomSchedule': '5f732c5df3192e854e2d2715'}, {'_id': '5f678c526eeef72576d9397b', 'day': '21', 'month': '9', 'year': '2020', 'roomSchedule': '5f678c526eeef72576d9396f'}]"
5f5b4fdd400b9fbfbe0b8f07,1,5.0,106,12,12,2020-11-03 12:02:58.400000+00:00,[],[]
5f5b4fdd400b9fbfbe0b8f08,1,1.0,107,53,25,2020-10-22 10:58:19.138000+00:00,[],[]
5f5b4fdd400b9fbfbe0b8f09,3,8.0,108,10,22,2020-09-12 16:12:17.829000+00:00,[],[]
5f5b4fdd400b9fbfbe0b8f0a,3,2.0,109,8,23,2020-09-12 16:12:17.829000+00:00,[],[]
5f5b4fdd400b9fbfbe0b8f0b,3,8.0,110,12,23,2020-09-28 11:23:38.368000+00:00,[],[]
5f5bd4928db89350a13a80d8,2,,111,12,17,2020-09-11 19:48:34.478000+00:00,"[{'start': '08.30', 'end': '10.30', 'persons': []}, {'start': '10.45', 'end': '12.45', 'persons': []}, {'start': '14.15', 'end': '16.15', 'persons': []}, {'start': '16.30', 'end': '18.30', 'persons': []}]","[{'_id': '5fc55f07f4d5216c0f6cf462', 'day': '1', 'month': '12', 'year': '2020', 'roomSchedule': '5fc55f07f4d5216c0f6cf45d'}, {'_id': '5fbbf4c59de5cadc7a768f3e', 'day': '25', 'month': '11', 'year': '2020', 'roomSchedule': '5fbbf4c59de5cadc7a768f39'}, {'_id': '5fba3ef947f18b6282e2696d', 'day': '27', 'month': '11', 'year': '2020', 'roomSchedule': '5fba3ef947f18b6282e26968'}, {'_id': '5fb28c1933a4610e6576a192', 'day': '16', 'month': '11', 'year': '2020', 'roomSchedule': '5fb28c1933a4610e6576a18d'}, {'_id': '5fae6e9833a4610e65769d29', 'day': '13', 'month': '11', 'year': '2020', 'roomSchedule': '5fae6e9833a4610e65769d24'}, {'_id': '5fabbd0a1bd2a03f4641aa8c', 'day': '11', 'month': '11', 'year': '2020', 'roomSchedule': '5fabbd0a1bd2a03f4641aa87'}, {'_id': '5faa8adf1bd2a03f4641a6a9', 'day': '10', 'month': '11', 'year': '2020', 'roomSchedule': '5faa8adf1bd2a03f4641a6a4'}, {'_id': '5fa933751bd2a03f4641a333', 'day': '9', 'month': '11', 'year': '2020', 'roomSchedule': '5fa933751bd2a03f4641a32e'}, {'_id': '5fa452e3052eb9e24c1bc28e', 'day': '6', 'month': '11', 'year': '2020', 'roomSchedule': '5fa452e3052eb9e24c1bc289'}]"
5f5bd5fafc7a3450ea06e81c,1,,112,11,26,2020-09-11 19:54:34.454000+00:00,"[{'start': '08.30', 'end': '10.30', 'persons': []}, {'start': '10.45', 'end': '12.45', 'persons': []}, {'start': '14.15', 'end': '16.15', 'persons': []}, {'start': '16.30', 'end': '18.30', 'persons': []}, {'start': '18.30', 'end': '20.30', 'persons': []}]","[{'_id': '5fd9dd43ff3b76b96dd79886', 'day': '17', 'month': '12', 'year': '2020', 'roomSchedule': '5fd9dd43ff3b76b96dd79880'}, {'_id': '5fd914c7ff3b76b96dd79684', 'day': '16', 'month': '12', 'year': '2020', 'roomSchedule': '5fd914c7ff3b76b96dd7967e'}, {'_id': '5fd880ebff3b76b96dd7939c', 'day': '22', 'month': '12', 'year': '2020', 'roomSchedule': '5fd880ebff3b76b96dd79396'}, {'_id': '5fd71912ff3b76b96dd78e53', 'day': '15', 'month': '12', 'year': '2020', 'roomSchedule': '5fd71912ff3b76b96dd78e4d'}, {'_id': '5fd61f61ff3b76b96dd78ccd', 'day': '14', 'month': '12', 'year': '2020', 'roomSchedule': '5fd61f61ff3b76b96dd78cc7'}, {'_id': '5fd289d18cf562071a9c1f36', 'day': '11', 'month': '12', 'year': '2020', 'roomSchedule': '5fd289d18cf562071a9c1f30'}, {'_id': '5fcf4b918cf562071a9c1883', 'day': '8', 'month': '12', 'year': '2020', 'roomSchedule': '5fcf4b918cf562071a9c187d'}, {'_id': '5fcdd0fa8cf562071a9c1785', 'day': '10', 'month': '12', 'year': '2020', 'roomSchedule': '5fcdd0fa8cf562071a9c177f'}, {'_id': '5fcdd0e98cf562071a9c177c', 'day': '9', 'month': '12', 'year': '2020', 'roomSchedule': '5fcdd0e98cf562071a9c1776'}, {'_id': '5fc95447eb6dbced74b94f7b', 'day': '7', 'month': '12', 'year': '2020', 'roomSchedule': '5fc95447eb6dbced74b94f75'}, {'_id': '5fc932f9eb6dbced74b94f34', 'day': '4', 'month': '12', 'year': '2020', 'roomSchedule': '5fc932f9eb6dbced74b94f2e'}, {'_id': '5fc7543121015899996e908d', 'day': '3', 'month': '12', 'year': '2020', 'roomSchedule': '5fc7543121015899996e9087'}, {'_id': '5fc6665321015899996e8e7c', 'day': '2', 'month': '12', 'year': '2020', 'roomSchedule': '5fc6665321015899996e8e76'}, {'_id': '5fc4d04cf4d5216c0f6cf2a8', 'day': '1', 'month': '12', 'year': '2020', 'roomSchedule': '5fc4d04cf4d5216c0f6cf2a2'}, {'_id': '5fc0bd769de5cadc7a769ca4', 'day': '30', 'month': '11', 'year': '2020', 'roomSchedule': '5fc0bd769de5cadc7a769c9e'}, {'_id': '5fbf68069de5cadc7a769821', 'day': '27', 'month': '11', 'year': '2020', 'roomSchedule': '5fbf68069de5cadc7a76981b'}, {'_id': '5fbdd1e59de5cadc7a7693b0', 'day': '26', 'month': '11', 'year': '2020', 'roomSchedule': '5fbdd1e59de5cadc7a7693aa'}, {'_id': '5fbb67e547f18b6282e26a1a', 'day': '25', 'month': '11', 'year': '2020', 'roomSchedule': '5fbb67e547f18b6282e26a14'}, {'_id': '5fbb67d747f18b6282e26a11', 'day': '24', 'month': '11', 'year': '2020', 'roomSchedule': '5fbb67d747f18b6282e26a0b'}, {'_id': '5fb7e37d47f18b6282e268f2', 'day': '23', 'month': '11', 'year': '2020', 'roomSchedule': '5fb7e37d47f18b6282e268ec'}, {'_id': '5fb60d7347f18b6282e26520', 'day': '20', 'month': '11', 'year': '2020', 'roomSchedule': '5fb60d7347f18b6282e2651a'}, {'_id': '5fb2fc1033a4610e6576a254', 'day': '18', 'month': '11', 'year': '2020', 'roomSchedule': '5fb2fc1033a4610e6576a24e'}, {'_id': '5fb2b36633a4610e6576a1c6', 'day': '17', 'month': '11', 'year': '2020', 'roomSchedule': '5fb2b36633a4610e6576a1c0'}, {'_id': '5fae3bdc64f3b8af34547dfc', 'day': '16', 'month': '11', 'year': '2020', 'roomSchedule': '5fae3bdc64f3b8af34547df6'}, {'_id': '5facf99f64f3b8af34547b9f', 'day': '13', 'month': '11', 'year': '2020', 'roomSchedule': '5facf99f64f3b8af34547b99'}, {'_id': '5face82164f3b8af34547b14', 'day': '19', 'month': '11', 'year': '2020', 'roomSchedule': '5face82164f3b8af34547b0e'}, {'_id': '5fa8fb591bd2a03f4641a1ef', 'day': '11', 'month': '11', 'year': '2020', 'roomSchedule': '5fa8fb591bd2a03f4641a1e9'}, {'_id': '5fa8267c1bd2a03f4641a09f', 'day': '12', 'month': '11', 'year': '2020', 'roomSchedule': '5fa8267c1bd2a03f4641a099'}, {'_id': '5fa5dc8d052eb9e24c1bc428', 'day': '10', 'month': '11', 'year': '2020', 'roomSchedule': '5fa5dc8d052eb9e24c1bc422'}, {'_id': '5fa3e8dc052eb9e24c1bc1db', 'day': '9', 'month': '11', 'year': '2020', 'roomSchedule': '5fa3e8dc052eb9e24c1bc1d5'}]"
5f5cc50bfc7a3450ea06e834,1,,113,35,27,2020-09-23 14:50:46.622000+00:00,"[{'start': '08.30', 'end': '10.30', 'persons': []}, {'start': '10.45', 'end': '12.45', 'persons': []}, {'start': '14.15', 'end': '16.15', 'persons': []}, {'start': '16.30', 'end': '18.30', 'persons': []}, {'start': '18.30', 'end': '20.30', 'persons': []}]","[{'_id': '5fd64a4aff3b76b96dd78d0b', 'day': '18', 'month': '12', 'year': '2020', 'roomSchedule': '5fd64a4aff3b76b96dd78d05'}, {'_id': '5fd64a3fff3b76b96dd78d02', 'day': '17', 'month': '12', 'year': '2020', 'roomSchedule': '5fd64a3fff3b76b96dd78cfc'}, {'_id': '5fd5d654ff3b76b96dd78c94', 'day': '16', 'month': '12', 'year': '2020', 'roomSchedule': '5fd5d654ff3b76b96dd78c8e'}, {'_id': '5fd5d63aff3b76b96dd78c8b', 'day': '15', 'month': '12', 'year': '2020', 'roomSchedule': '5fd5d63aff3b76b96dd78c85'}, {'_id': '5fd5367cff3b76b96dd78c51', 'day': '14', 'month': '12', 'year': '2020', 'roomSchedule': '5fd5367cff3b76b96dd78c4b'}, {'_id': '5fce46c88cf562071a9c1805', 'day': '10', 'month': '12', 'year': '2020', 'roomSchedule': '5fce46c88cf562071a9c17ff'}, {'_id': '5fcd59ca8cf562071a9c174f', 'day': '8', 'month': '12', 'year': '2020', 'roomSchedule': '5fcd59ca8cf562071a9c1749'}, {'_id': '5fca9dc18cf562071a9c15f4', 'day': '9', 'month': '12', 'year': '2020', 'roomSchedule': '5fca9dc18cf562071a9c15ee'}, {'_id': '5fc9c7a7eb6dbced74b94fe9', 'day': '11', 'month': '12', 'year': '2020', 'roomSchedule': '5fc9c7a7eb6dbced74b94fe3'}, {'_id': '5fc681a621015899996e8ed2', 'day': '4', 'month': '12', 'year': '2020', 'roomSchedule': '5fc681a621015899996e8ecc'}, {'_id': '5fc6819921015899996e8ec9', 'day': '3', 'month': '12', 'year': '2020', 'roomSchedule': '5fc6819921015899996e8ec3'}, {'_id': '5fc530f6f4d5216c0f6cf421', 'day': '7', 'month': '12', 'year': '2020', 'roomSchedule': '5fc530f6f4d5216c0f6cf41b'}, {'_id': '5fc33e797b7ad540c1b7e842', 'day': '2', 'month': '12', 'year': '2020', 'roomSchedule': '5fc33e797b7ad540c1b7e83c'}, {'_id': '5fc33e4f7b7ad540c1b7e837', 'day': '1', 'month': '12', 'year': '2020', 'roomSchedule': '5fc33e4f7b7ad540c1b7e831'}, {'_id': '5fc0022e9de5cadc7a769a07', 'day': '30', 'month': '11', 'year': '2020', 'roomSchedule': '5fc0022e9de5cadc7a769a01'}, {'_id': '5fbe22809de5cadc7a76953a', 'day': '27', 'month': '11', 'year': '2020', 'roomSchedule': '5fbe22809de5cadc7a769534'}, {'_id': '5fbbd83a9de5cadc7a768f18', 'day': '26', 'month': '11', 'year': '2020', 'roomSchedule': '5fbbd83a9de5cadc7a768f12'}, {'_id': '5fbbcd859de5cadc7a768ee2', 'day': '25', 'month': '11', 'year': '2020', 'roomSchedule': '5fbbcd859de5cadc7a768edc'}, {'_id': '5fb82e0747f18b6282e26910', 'day': '23', 'month': '11', 'year': '2020', 'roomSchedule': '5fb82e0747f18b6282e2690a'}, {'_id': '5fb7e22d47f18b6282e268e7', 'day': '24', 'month': '11', 'year': '2020', 'roomSchedule': '5fb7e22d47f18b6282e268e1'}, {'_id': '5fb571ed47f18b6282e26441', 'day': '20', 'month': '11', 'year': '2020', 'roomSchedule': '5fb571ed47f18b6282e2643b'}, {'_id': '5fb2cd4633a4610e6576a1ea', 'day': '18', 'month': '11', 'year': '2020', 'roomSchedule': '5fb2cd4633a4610e6576a1e4'}, {'_id': '5fb12ebe33a4610e65769e7c', 'day': '17', 'month': '11', 'year': '2020', 'roomSchedule': '5fb12ebe33a4610e65769e76'}, {'_id': '5face7aa64f3b8af34547b07', 'day': '19', 'month': '11', 'year': '2020', 'roomSchedule': '5face7aa64f3b8af34547b01'}, {'_id': '5fa8fcf21bd2a03f4641a213', 'day': '16', 'month': '11', 'year': '2020', 'roomSchedule': '5fa8fcf21bd2a03f4641a20d'}, {'_id': '5fa8fc9b1bd2a03f4641a209', 'day': '13', 'month': '11', 'year': '2020', 'roomSchedule': '5fa8fc9b1bd2a03f4641a203'}, {'_id': '5fa8fc3d1bd2a03f4641a1fd', 'day': '11', 'month': '11', 'year': '2020', 'roomSchedule': '5fa8fc3d1bd2a03f4641a1f7'}, {'_id': '5fa54a5e052eb9e24c1bc38b', 'day': '12', 'month': '11', 'year': '2020', 'roomSchedule': '5fa54a5e052eb9e24c1bc385'}, {'_id': '5fa51af9052eb9e24c1bc30a', 'day': '10', 'month': '11', 'year': '2020', 'roomSchedule': '5fa51af9052eb9e24c1bc304'}]"
5f5cc55bfc7a3450ea06e835,1,,114,10,11,2020-09-12 12:55:55.346000+00:00,"[{'start': '08.30', 'end': '10.30', 'persons': []}, {'start': '10.45', 'end': '12.45', 'persons': []}, {'start': '14.15', 'end': '16.15', 'persons': []}, {'start': '16.30', 'end': '18.30', 'persons': []}]","[{'_id': '5fd9bec4ff3b76b96dd7975f', 'day': '17', 'month': '12', 'year': '2020', 'roomSchedule': '5fd9bec4ff3b76b96dd7975a'}, {'_id': '5fd7198cff3b76b96dd78e63', 'day': '16', 'month': '12', 'year': '2020', 'roomSchedule': '5fd7198cff3b76b96dd78e5e'}, {'_id': '5fd6062cff3b76b96dd78cb4', 'day': '14', 'month': '12', 'year': '2020', 'roomSchedule': '5fd6062cff3b76b96dd78caf'}, {'_id': '5fd0ce1c8cf562071a9c1b59', 'day': '15', 'month': '12', 'year': '2020', 'roomSchedule': '5fd0ce1c8cf562071a9c1b54'}, {'_id': '5fd09e268cf562071a9c1a8d', 'day': '10', 'month': '12', 'year': '2020', 'roomSchedule': '5fd09e268cf562071a9c1a88'}, {'_id': '5fd082d98cf562071a9c199c', 'day': '11', 'month': '12', 'year': '2020', 'roomSchedule': '5fd082d98cf562071a9c1997'}, {'_id': '5fcd82b78cf562071a9c1769', 'day': '9', 'month': '12', 'year': '2020', 'roomSchedule': '5fcd82b78cf562071a9c1764'}, {'_id': '5fc927dfeb6dbced74b94f20', 'day': '7', 'month': '12', 'year': '2020', 'roomSchedule': '5fc927dfeb6dbced74b94f1b'}, {'_id': '5fc89b4b21015899996e93ad', 'day': '4', 'month': '12', 'year': '2020', 'roomSchedule': '5fc89b4b21015899996e93a8'}, {'_id': '5fc3f12cf4d5216c0f6cf068', 'day': '1', 'month': '12', 'year': '2020', 'roomSchedule': '5fc3f12cf4d5216c0f6cf063'}, {'_id': '5fbf568d9de5cadc7a769787', 'day': '3', 'month': '12', 'year': '2020', 'roomSchedule': '5fbf568d9de5cadc7a769782'}, {'_id': '5fbf567d9de5cadc7a76977f', 'day': '2', 'month': '12', 'year': '2020', 'roomSchedule': '5fbf567d9de5cadc7a76977a'}, {'_id': '5fbf56679de5cadc7a769776', 'day': '30', 'month': '11', 'year': '2020', 'roomSchedule': '5fbf56679de5cadc7a769771'}, {'_id': '5fbf563b9de5cadc7a76976e', 'day': '27', 'month': '11', 'year': '2020', 'roomSchedule': '5fbf563b9de5cadc7a769769'}, {'_id': '5fb4c41147f18b6282e26116', 'day': '25', 'month': '11', 'year': '2020', 'roomSchedule': '5fb4c41147f18b6282e26111'}, {'_id': '5fb4c3ff47f18b6282e2610e', 'day': '24', 'month': '11', 'year': '2020', 'roomSchedule': '5fb4c3ff47f18b6282e26109'}, {'_id': '5fb4c3c547f18b6282e26106', 'day': '23', 'month': '11', 'year': '2020', 'roomSchedule': '5fb4c3c547f18b6282e26101'}, {'_id': '5fb4c39a47f18b6282e260fe', 'day': '20', 'month': '11', 'year': '2020', 'roomSchedule': '5fb4c39a47f18b6282e260f9'}, {'_id': '5fb4c38247f18b6282e260f6', 'day': '19', 'month': '11', 'year': '2020', 'roomSchedule': '5fb4c38247f18b6282e260f1'}, {'_id': '5fb3d8ba33a4610e6576a4bc', 'day': '18', 'month': '11', 'year': '2020', 'roomSchedule': '5fb3d8ba33a4610e6576a4b7'}, {'_id': '5fb27dfc33a4610e6576a15e', 'day': '17', 'month': '11', 'year': '2020', 'roomSchedule': '5fb27dfc33a4610e6576a159'}, {'_id': '5fb1b01233a4610e65769f29', 'day': '16', 'month': '11', 'year': '2020', 'roomSchedule': '5fb1b01233a4610e65769f24'}, {'_id': '5fae5a5733a4610e65769d03', 'day': '13', 'month': '11', 'year': '2020', 'roomSchedule': '5fae5a5733a4610e65769cfe'}, {'_id': '5fab992a1bd2a03f4641a909', 'day': '12', 'month': '11', 'year': '2020', 'roomSchedule': '5fab992a1bd2a03f4641a904'}, {'_id': '5faabab41bd2a03f4641a80e', 'day': '11', 'month': '11', 'year': '2020', 'roomSchedule': '5faabab41bd2a03f4641a809'}, {'_id': '5fa968cf1bd2a03f4641a43d', 'day': '10', 'month': '11', 'year': '2020', 'roomSchedule': '5fa968cf1bd2a03f4641a438'}, {'_id': '5fa52f17052eb9e24c1bc34c', 'day': '9', 'month': '11', 'year': '2020', 'roomSchedule': '5fa52f17052eb9e24c1bc347'}, {'_id': '5fa52aab052eb9e24c1bc33b', 'day': '6', 'month': '11', 'year': '2020', 'roomSchedule': '5fa52aab052eb9e24c1bc336'}]"
5f5cc627fc7a3450ea06e836,2,,114,3,20,2020-09-12 12:59:19.689000+00:00,"[{'start': '08.30', 'end': '10.30', 'persons': []}, {'start': '10.45', 'end': '12.45', 'persons': []}, {'start': '14.15', 'end': '16.15', 'persons': []}, {'start': '16.30', 'end': '18.30', 'persons': []}]","[{'_id': '5fbfe5119de5cadc7a7699f1', 'day': '27', 'month': '11', 'year': '2020', 'roomSchedule': '5fbfe5119de5cadc7a7699ec'}]"
5f5cc686fc7a3450ea06e837,4,,114,4,9,2020-09-12 13:00:54.985000+00:00,"[{'start': '08.30', 'end': '10.30', 'persons': []}, {'start': '10.45', 'end': '12.45', 'persons': []}, {'start': '14.15', 'end': '16.15', 'persons': []}, {'start': '16.30', 'end': '18.30', 'persons': []}]","[{'_id': '5fd7d90bff3b76b96dd7925a', 'day': '15', 'month': '12', 'year': '2020', 'roomSchedule': '5fd7d90bff3b76b96dd79255'}, {'_id': '5fd65020ff3b76b96dd78d15', 'day': '14', 'month': '12', 'year': '2020', 'roomSchedule': '5fd65020ff3b76b96dd78d10'}, {'_id': '5fb26a4633a4610e6576a0c8', 'day': '17', 'month': '11', 'year': '2020', 'roomSchedule': '5fb26a4633a4610e6576a0c3'}, {'_id': '5fafdcce33a4610e65769e4e', 'day': '16', 'month': '11', 'year': '2020', 'roomSchedule': '5fafdcce33a4610e65769e49'}]"
5f5cc739fc7a3450ea06e838,1,,115,10,10,2020-09-12 13:03:53.440000+00:00,"[{'start': '08.30', 'end': '10.30', 'persons': [], 'availability': [1, 2, 3, 4, 5]}, {'start': '10.45', 'end': '12.45', 'persons': [], 'availability': [1, 2, 3, 4, 5]}, {'start': '14.15', 'end': '16.15', 'persons': [], 'availability': [2, 4]}, {'start': '16.30', 'end': '18.30', 'persons': [], 'availability': [2, 4]}]","[{'_id': '5fd8ad27ff3b76b96dd79488', 'day': '15', 'month': '12', 'year': '2020', 'roomSchedule': '5fd8ad27ff3b76b96dd79483'}, {'_id': '5fd685fbff3b76b96dd78da7', 'day': '14', 'month': '12', 'year': '2020', 'roomSchedule': '5fd685fbff3b76b96dd78da2'}, {'_id': '5fc94cb0eb6dbced74b94f57', 'day': '4', 'month': '12', 'year': '2020', 'roomSchedule': '5fc94cb0eb6dbced74b94f52'}, {'_id': '5fc8bce921015899996e947d', 'day': '3', 'month': '12', 'year': '2020', 'roomSchedule': '5fc8bce921015899996e9478'}, {'_id': '5fc6ac8f21015899996e8f11', 'day': '2', 'month': '12', 'year': '2020', 'roomSchedule': '5fc6ac8f21015899996e8f0c'}, {'_id': '5fc62e22f4d5216c0f6cf6a6', 'day': '1', 'month': '12', 'year': '2020', 'roomSchedule': '5fc62e22f4d5216c0f6cf6a1'}, {'_id': '5fc3ec99f4d5216c0f6cf058', 'day': '30', 'month': '11', 'year': '2020', 'roomSchedule': '5fc3ec99f4d5216c0f6cf053'}, {'_id': '5fbee82a9de5cadc7a76975a', 'day': '26', 'month': '11', 'year': '2020', 'roomSchedule': '5fbee82a9de5cadc7a769755'}, {'_id': '5fbc197e9de5cadc7a768f5c', 'day': '24', 'month': '11', 'year': '2020', 'roomSchedule': '5fbc197e9de5cadc7a768f57'}, {'_id': '5fb6781647f18b6282e266e1', 'day': '19', 'month': '11', 'year': '2020', 'roomSchedule': '5fb6781647f18b6282e266dc'}, {'_id': '5fb2fcef33a4610e6576a267', 'day': '17', 'month': '11', 'year': '2020', 'roomSchedule': '5fb2fcef33a4610e6576a262'}, {'_id': '5fb105cc33a4610e65769e69', 'day': '16', 'month': '11', 'year': '2020', 'roomSchedule': '5fb105cc33a4610e65769e64'}, {'_id': '5fa971f71bd2a03f4641a448', 'day': '10', 'month': '11', 'year': '2020', 'roomSchedule': '5fa971f71bd2a03f4641a443'}, {'_id': '5fa859611bd2a03f4641a0e5', 'day': '9', 'month': '11', 'year': '2020', 'roomSchedule': '5fa859611bd2a03f4641a0e0'}, {'_id': '5fa472e7052eb9e24c1bc2b5', 'day': '6', 'month': '11', 'year': '2020', 'roomSchedule': '5fa472e7052eb9e24c1bc2b0'}]"
5f5cc781fc7a3450ea06e839,1,,116,10,12,2020-09-12 13:05:05.383000+00:00,"[{'start': '08.30', 'end': '10.30', 'persons': []}, {'start': '10.45', 'end': '12.45', 'persons': []}, {'start': '14.15', 'end': '16.15', 'persons': []}, {'start': '16.30', 'end': '18.30', 'persons': []}]","[{'_id': '5fd93c79ff3b76b96dd796d8', 'day': '16', 'month': '12', 'year': '2020', 'roomSchedule': '5fd93c79ff3b76b96dd796d3'}, {'_id': '5fd69b74ff3b76b96dd78dfc', 'day': '14', 'month': '12', 'year': '2020', 'roomSchedule': '5fd69b74ff3b76b96dd78df7'}, {'_id': '5fd33a0c8cf562071a9c1fe4', 'day': '11', 'month': '12', 'year': '2020', 'roomSchedule': '5fd33a0c8cf562071a9c1fdf'}, {'_id': '5fd208818cf562071a9c1dca', 'day': '10', 'month': '12', 'year': '2020', 'roomSchedule': '5fd208818cf562071a9c1dc5'}, {'_id': '5fd0cee78cf562071a9c1b78', 'day': '15', 'month': '12', 'year': '2020', 'roomSchedule': '5fd0cee78cf562071a9c1b73'}, {'_id': '5fcfe1748cf562071a9c190b', 'day': '9', 'month': '12', 'year': '2020', 'roomSchedule': '5fcfe1748cf562071a9c1906'}, {'_id': '5fcd3fec8cf562071a9c1721', 'day': '7', 'month': '12', 'year': '2020', 'roomSchedule': '5fcd3fec8cf562071a9c171c'}, {'_id': '5fc95689eb6dbced74b94f85', 'day': '4', 'month': '12', 'year': '2020', 'roomSchedule': '5fc95689eb6dbced74b94f80'}, {'_id': '5fc75a0121015899996e90ad', 'day': '2', 'month': '12', 'year': '2020', 'roomSchedule': '5fc75a0121015899996e90a8'}, {'_id': '5fc7478121015899996e8f73', 'day': '3', 'month': '12', 'year': '2020', 'roomSchedule': '5fc7478121015899996e8f6e'}, {'_id': '5fc61b51f4d5216c0f6cf64f', 'day': '1', 'month': '12', 'year': '2020', 'roomSchedule': '5fc61b51f4d5216c0f6cf64a'}, {'_id': '5fc44209f4d5216c0f6cf0e6', 'day': '30', 'month': '11', 'year': '2020', 'roomSchedule': '5fc44209f4d5216c0f6cf0e1'}, {'_id': '5fc0c4529de5cadc7a769cd9', 'day': '27', 'month': '11', 'year': '2020', 'roomSchedule': '5fc0c4529de5cadc7a769cd4'}, {'_id': '5fbf7ce39de5cadc7a769881', 'day': '26', 'month': '11', 'year': '2020', 'roomSchedule': '5fbf7ce39de5cadc7a76987c'}, {'_id': '5fbe1fb79de5cadc7a76951b', 'day': '25', 'month': '11', 'year': '2020', 'roomSchedule': '5fbe1fb79de5cadc7a769516'}, {'_id': '5fbcd4b39de5cadc7a7690ec', 'day': '24', 'month': '11', 'year': '2020', 'roomSchedule': '5fbcd4b39de5cadc7a7690e7'}, {'_id': '5fbb7bb247f18b6282e26b4c', 'day': '23', 'month': '11', 'year': '2020', 'roomSchedule': '5fbb7bb247f18b6282e26b47'}, {'_id': '5fb6c75b47f18b6282e2677c', 'day': '20', 'month': '11', 'year': '2020', 'roomSchedule': '5fb6c75b47f18b6282e26777'}, {'_id': '5fb51b0547f18b6282e26335', 'day': '18', 'month': '11', 'year': '2020', 'roomSchedule': '5fb51b0547f18b6282e26330'}, {'_id': '5fb2785433a4610e6576a0fd', 'day': '17', 'month': '11', 'year': '2020', 'roomSchedule': '5fb2785433a4610e6576a0f8'}, {'_id': '5fb26b0933a4610e6576a0d3', 'day': '19', 'month': '11', 'year': '2020', 'roomSchedule': '5fb26b0933a4610e6576a0ce'}, {'_id': '5fabbe931bd2a03f4641aa9c', 'day': '12', 'month': '11', 'year': '2020', 'roomSchedule': '5fabbe931bd2a03f4641aa97'}, {'_id': '5faa478b1bd2a03f4641a52c', 'day': '11', 'month': '11', 'year': '2020', 'roomSchedule': '5faa478b1bd2a03f4641a527'}, {'_id': '5fa92a841bd2a03f4641a31e', 'day': '10', 'month': '11', 'year': '2020', 'roomSchedule': '5fa92a841bd2a03f4641a319'}, {'_id': '5fa71a3a1bd2a03f4641a033', 'day': '9', 'month': '11', 'year': '2020', 'roomSchedule': '5fa71a3a1bd2a03f4641a02e'}, {'_id': '5fa56114052eb9e24c1bc3c3', 'day': '6', 'month': '11', 'year': '2020', 'roomSchedule': '5fa56114052eb9e24c1bc3be'}, {'_id': '5fa2dda2052eb9e24c1bc06b', 'day': '5', 'month': '11', 'year': '2020', 'roomSchedule': '5fa2dda2052eb9e24c1bc066'}]"
5f5cc7f1fc7a3450ea06e83a,3,,117,9,16,2020-09-12 13:06:57.688000+00:00,"[{'start': '08.30', 'end': '10.30', 'persons': []}, {'start': '10.45', 'end': '12.45', 'persons': []}, {'start': '14.15', 'end': '16.15', 'persons': []}, {'start': '16.30', 'end': '18.30', 'persons': []}]","[{'_id': '5fd07dd38cf562071a9c197a', 'day': '10', 'month': '12', 'year': '2020', 'roomSchedule': '5fd07dd38cf562071a9c1975'}, {'_id': '5fcf49408cf562071a9c1879', 'day': '9', 'month': '12', 'year': '2020', 'roomSchedule': '5fcf49408cf562071a9c1874'}, {'_id': '5fc91a2beb6dbced74b94f0d', 'day': '4', 'month': '12', 'year': '2020', 'roomSchedule': '5fc91a2beb6dbced74b94f08'}, {'_id': '5fc778c721015899996e9158', 'day': '2', 'month': '12', 'year': '2020', 'roomSchedule': '5fc778c721015899996e9153'}, {'_id': '5fc60e77f4d5216c0f6cf5fe', 'day': '3', 'month': '12', 'year': '2020', 'roomSchedule': '5fc60e77f4d5216c0f6cf5f9'}, {'_id': '5fc03ae09de5cadc7a769c2c', 'day': '27', 'month': '11', 'year': '2020', 'roomSchedule': '5fc03ae09de5cadc7a769c27'}, {'_id': '5fbe73229de5cadc7a7696bb', 'day': '26', 'month': '11', 'year': '2020', 'roomSchedule': '5fbe73229de5cadc7a7696b6'}, {'_id': '5fbd45509de5cadc7a76930f', 'day': '25', 'month': '11', 'year': '2020', 'roomSchedule': '5fbd45509de5cadc7a76930a'}, {'_id': '5fbcdc679de5cadc7a769121', 'day': '24', 'month': '11', 'year': '2020', 'roomSchedule': '5fbcdc679de5cadc7a76911c'}, {'_id': '5fbb82c147f18b6282e26b74', 'day': '23', 'month': '11', 'year': '2020', 'roomSchedule': '5fbb82c147f18b6282e26b6f'}, {'_id': '5fb702db47f18b6282e267e3', 'day': '20', 'month': '11', 'year': '2020', 'roomSchedule': '5fb702db47f18b6282e267de'}, {'_id': '5fb6361f47f18b6282e265b6', 'day': '19', 'month': '11', 'year': '2020', 'roomSchedule': '5fb6361f47f18b6282e265b1'}, {'_id': '5fb449d647f18b6282e260c7', 'day': '18', 'month': '11', 'year': '2020', 'roomSchedule': '5fb449d647f18b6282e260c2'}, {'_id': '5fb3dede47f18b6282e26015', 'day': '17', 'month': '11', 'year': '2020', 'roomSchedule': '5fb3dede47f18b6282e26010'}, {'_id': '5fb17c9233a4610e65769ed5', 'day': '16', 'month': '11', 'year': '2020', 'roomSchedule': '5fb17c9233a4610e65769ed0'}, {'_id': '5fac453564f3b8af34547a87', 'day': '12', 'month': '11', 'year': '2020', 'roomSchedule': '5fac453564f3b8af34547a82'}, {'_id': '5fa3bbeb052eb9e24c1bc16a', 'day': '6', 'month': '11', 'year': '2020', 'roomSchedule': '5fa3bbeb052eb9e24c1bc165'}]"
5f6decdd1f06210ab6a7dc64,1,,65,12,2,2020-12-14 15:16:42.286000+00:00,[],[]
5f6decf21f06210ab6a7dc65,1,,119,12,2,2020-09-25 13:13:22.406000+00:00,[],[]
5f6ded551f06210ab6a7dc66,3,,59,11,28,2020-10-28 11:30:24.527000+00:00,[],[]
5f737e04ec1d278a16eca138,2,,120,40,4,2020-10-02 08:20:17.246000+00:00,[],[]
5f737e3dec1d278a16eca139,2,,121,40,17,2020-10-29 11:58:46.028000+00:00,[],[]
5f737e74ec1d278a16eca13a,2,,62,40,14,2020-11-27 07:44:46.949000+00:00,[],[]
5f737f06ec1d278a16eca13c,2,,63,40,20,2020-12-11 16:24:27.250000+00:00,[],[]
5f89c86991058191e876b74b,2,,122,9,20,2020-10-20 13:19:43.648000+00:00,[],[]
5f9aa4e32358534e7e6d4406,1,,64,63,12,2020-12-02 16:57:37.146000+00:00,[],[]
5f9aa5092358534e7e6d4407,1,,48,39,12,2020-12-16 08:27:10.192000+00:00,[],[]
5f9aa50f2358534e7e6d440a,1,,49,39,12,2020-12-15 08:12:27.637000+00:00,[],[]
5f9aa5222358534e7e6d440b,1,,54,2,12,2020-12-15 16:56:55.119000+00:00,[],[]
5f9aa52e2358534e7e6d440c,1,,57,5,12,2020-12-03 11:19:28.027000+00:00,[],[]
5f9aa5652358534e7e6d440d,1,,56,2,12,2020-12-11 08:07:00.857000+00:00,[],[]
5f9aa5722358534e7e6d440e,1,,55,6,12,2020-12-16 10:04:01.525000+00:00,[],[]
5f9ade072358534e7e6d469c,3,,123,50,29,2020-10-29 15:21:43.206000+00:00,[],[]
5fa05a957916daa867a158ae,1,,31,14,1,2020-12-16 08:04:17.292000+00:00,[],[]
5fa05aa77916daa867a158af,1,,36,9,1,2020-12-16 09:46:29.789000+00:00,[],[]
5fc95263eb6dbced74b94f68,2,,124,6,4,2020-12-03 21:02:27.777000+00:00,[],[]
5fca3ca8eb6dbced74b951b7,2,,125,13,14,2020-12-04 13:42:00.827000+00:00,[],[]
